{
  "BLEU-1": 0.16126737619616505,
  "BLEU-2": 0.09183920948672894,
  "BLEU-3": 0.06262517970306401,
  "BLEU-4": 0.04396681351693281,
  "ROUGE-L": 0.254882010596515,
  "METEOR": 0.17196420926764525
}