{
  "BLEU-1": 0.27907132697622744,
  "BLEU-2": 0.1530410454074374,
  "BLEU-3": 0.09194608694250456,
  "BLEU-4": 0.05848194899050165,
  "ROUGE-L": 0.28632985936453476,
  "METEOR": 0.2327760273070288
}