{
  "BLEU-1": 0.15412531654881034,
  "BLEU-2": 0.09222740157256847,
  "BLEU-3": 0.05811301050356519,
  "BLEU-4": 0.03730905754560468,
  "ROUGE-L": 0.2806140153455878,
  "METEOR": 0.17701094222770966
}